[
  {
    "Login": "rrauber",
    "Senha": "123",
    "NomeUsuario": "rauber",
    "NomeGrupo": null,
    "IdGrupo": null
  },
  {
    "Login": "eduardo",
    "Senha": "123",
    "NomeUsuario": "Eduardo",
    "NomeGrupo": "Grupo do grau a",
    "IdGrupo": 1
  },
  {
    "Login": "marcio",
    "Senha": "123",
    "NomeUsuario": "marcio",
    "NomeGrupo": "Grupo do grau a",
    "IdGrupo": 1
  },
  {
    "Login": "rafael",
    "Senha": "123",
    "NomeUsuario": "Rafael",
    "NomeGrupo": "Grupo do grau b",
    "IdGrupo": 2
  },
  {
    "Login": "gabriel",
    "Senha": "123",
    "NomeUsuario": "Gabriel",
    "NomeGrupo": "Grupo do grau b",
    "IdGrupo": 2
  }
]